{"cameraMode":{"drawMode":0,"name":"Shaded","section":"Shading Mode"},"sceneLighting":true,"audioPlay":false,"sceneViewState":{"showFog":true,"showMaterialUpdate":false,"showSkybox":true,"showFlares":true,"showImageEffects":true,"showParticleSystems":true},"in2DMode":false,"pivot":{"x":-0.8138006329536438,"y":0.2122030258178711,"z":0.5738739967346191},"rotation":{"x":0.23689034581184388,"y":-0.2890832722187042,"z":0.07406028360128403,"w":0.924606442451477},"size":3.13673996925354,"orthographic":false}