{"cameraMode":{"drawMode":0,"name":"Shaded","section":"Shading Mode"},"sceneLighting":true,"audioPlay":false,"sceneViewState":{"showFog":true,"showMaterialUpdate":false,"showSkybox":true,"showFlares":true,"showImageEffects":true,"showParticleSystems":true},"in2DMode":false,"pivot":{"x":0.22210091352462769,"y":-0.014592844992876053,"z":0.4873659908771515},"rotation":{"x":-0.04458767920732498,"y":-0.17529147863388062,"z":0.007980001159012318,"w":-0.9835025072097778},"size":0.46045809984207156,"orthographic":false}